Embedding,Min,Q1,Median,Q3,Max,Mean
CodeBERT,0.9326,0.9959,0.9978,0.9988,1.0,0.9964062091503267
GraphCodeBERT,0.8905,0.9914,0.9954,0.9974,1.0,0.9926328454894434
OpenAI,0.6191,0.9038,0.9253,0.9429,1.0,0.9223765430770059
