Metric,Min,Q1,Median,Q3,Max,Mean
average_score_1,0.1109,0.6115,0.6883,0.7716,1.0,0.6946523824583598
CTSES_score_1,0.1181,0.5897,0.6686,0.7565,1.0,0.6769963525195024
CTSES_score_2,0.1143,0.6029,0.6807,0.7662,1.0,0.6879850938224752
