Metric,Min,Q1,Median,Q3,Max,Mean
METEOR,0.0757,0.6459,0.7241,0.7949,1.0,0.7181246837444656
ROUGE-L,0.1056,0.6579,0.7342,0.8183,1.0,0.7378614273666456
CodeBLEU,0.1445,0.5247,0.6116,0.7194,1.0,0.627972733502003
N-gram Match,0.0004,0.35557500000000003,0.4285,0.5329,1.0,0.4612117805186591
Weighted N-gram Match,0.0529,0.4457,0.5154,0.6138,1.0,0.5431425521821631
Syntax Match,0.2601,0.7477,0.8224,0.9012,1.0,0.8221420356314569
Dataflow Match,0.0432,0.5107,0.6683,0.8857,1.0,0.6853904648956357
